District_Name,Season,Year_Range,Crop,Area,Production
ANANTAPUR,Kharif     ,1995-1998,Arhar/Tur,21400.0,2600.0
ANANTAPUR,Kharif     ,1995-1998,Bajra,1400.0,500.0
ANANTAPUR,Kharif     ,1995-1998,Castor seed,1000.0,100.0
ANANTAPUR,Kharif     ,1995-1998,Cotton(lint),7300.0,9400.0
ANANTAPUR,Kharif     ,1995-1998,Dry chillies,3700.0,7100.0
ANANTAPUR,Kharif     ,1995-1998,Groundnut,650800.0,228400.0
ANANTAPUR,Kharif     ,1995-1998,Horse-gram,3300.0,1000.0
ANANTAPUR,Kharif     ,1995-1998,Jowar,10100.0,10200.0
ANANTAPUR,Kharif     ,1995-1998,Korra,2200.0,700.0
ANANTAPUR,Kharif     ,1995-1998,Maize,2800.0,4900.0
ANANTAPUR,Kharif     ,1995-1998,Moong(Green Gram),1300.0,500.0
ANANTAPUR,Kharif     ,1995-1998,Other Kharif pulses,800.0,100.0
ANANTAPUR,Kharif     ,1995-1998,Ragi,6700.0,11800.0
ANANTAPUR,Kharif     ,1995-1998,Rice,35600.0,75400.0
ANANTAPUR,Kharif     ,1995-1998,Sugarcane,700.0,72900.0
ANANTAPUR,Kharif     ,1995-1998,Sunflower,35900.0,11100.0
ANANTAPUR,Kharif     ,1995-1998,Tobacco,200.0,200.0
ANANTAPUR,Kharif     ,1998-2001,Arhar/Tur,58093.0,16988.0
ANANTAPUR,Kharif     ,1998-2001,Bajra,6712.0,4238.0
ANANTAPUR,Kharif     ,1998-2001,Castor seed,14395.0,4186.0
ANANTAPUR,Kharif     ,1998-2001,Cotton(lint),35478.0,39538.0
ANANTAPUR,Kharif     ,1998-2001,Dry chillies,7755.0,20146.0
ANANTAPUR,Kharif     ,1998-2001,Gram,21.0,14.0
ANANTAPUR,Kharif     ,1998-2001,Groundnut,2241624.0,2002220.0
ANANTAPUR,Kharif     ,1998-2001,Horse-gram,4663.0,1610.0
ANANTAPUR,Kharif     ,1998-2001,Jowar,19902.0,34733.0
ANANTAPUR,Kharif     ,1998-2001,Korra,6226.0,4543.0
ANANTAPUR,Kharif     ,1998-2001,Maize,10133.0,25289.0
ANANTAPUR,Kharif     ,1998-2001,Masoor,23117.0,3861.0
ANANTAPUR,Kharif     ,1998-2001,Moong(Green Gram),5390.0,3172.0
ANANTAPUR,Kharif     ,1998-2001,Onion,1103.0,15470.0
ANANTAPUR,Kharif     ,1998-2001,Other Kharif pulses,5167.0,859.0
ANANTAPUR,Kharif     ,1998-2001,Ragi,19828.0,43290.0
ANANTAPUR,Kharif     ,1998-2001,Rice,116196.0,319562.0
ANANTAPUR,Kharif     ,1998-2001,Samai,21.0,5.0
ANANTAPUR,Kharif     ,1998-2001,Sesamum,13.0,3.0
ANANTAPUR,Kharif     ,1998-2001,Small millets,1647.0,1148.0
ANANTAPUR,Kharif     ,1998-2001,Sunflower,51906.0,36790.0
ANANTAPUR,Kharif     ,1998-2001,Urad,139.0,10.0
ANANTAPUR,Kharif     ,1998-2001,other misc. pulses,1292.0,214.0
ANANTAPUR,Kharif     ,2001-2004,Arhar/Tur,102574.0,21144.0
ANANTAPUR,Kharif     ,2001-2004,Bajra,5800.0,1485.0
ANANTAPUR,Kharif     ,2001-2004,Castor seed,7168.0,2121.0
ANANTAPUR,Kharif     ,2001-2004,Cotton(lint),20402.0,20461.0
ANANTAPUR,Kharif     ,2001-2004,Dry chillies,9422.0,23957.0
ANANTAPUR,Kharif     ,2001-2004,Gram,16.0,17.0
ANANTAPUR,Kharif     ,2001-2004,Groundnut,2161897.0,781643.0
ANANTAPUR,Kharif     ,2001-2004,Horse-gram,2088.0,254.0
ANANTAPUR,Kharif     ,2001-2004,Jowar,19293.0,42095.0
ANANTAPUR,Kharif     ,2001-2004,Korra,3679.0,956.0
ANANTAPUR,Kharif     ,2001-2004,Maize,12454.0,21278.0
ANANTAPUR,Kharif     ,2001-2004,Moong(Green Gram),3877.0,1566.0
ANANTAPUR,Kharif     ,2001-2004,Onion,2787.0,40914.0
ANANTAPUR,Kharif     ,2001-2004,Other Kharif pulses,3326.0,386.0
ANANTAPUR,Kharif     ,2001-2004,Ragi,13634.0,28092.0
ANANTAPUR,Kharif     ,2001-2004,Rice,79459.0,206829.0
ANANTAPUR,Kharif     ,2001-2004,Samai,245.0,83.0
ANANTAPUR,Kharif     ,2001-2004,Small millets,3773.0,1106.0
ANANTAPUR,Kharif     ,2001-2004,Soyabean,67.0,18.0
ANANTAPUR,Kharif     ,2001-2004,Sunflower,186454.0,85301.0
ANANTAPUR,Kharif     ,2001-2004,Urad,601.0,229.0
ANANTAPUR,Kharif     ,2004-2007,Arhar/Tur,94009.0,35140.0
ANANTAPUR,Kharif     ,2004-2007,Bajra,2634.0,2480.0
ANANTAPUR,Kharif     ,2004-2007,Castor seed,4558.0,2895.0
ANANTAPUR,Kharif     ,2004-2007,Cotton(lint),13734.0,12431.0
ANANTAPUR,Kharif     ,2004-2007,Dry chillies,7334.0,23121.0
ANANTAPUR,Kharif     ,2004-2007,Groundnut,2378859.0,1089904.0
ANANTAPUR,Kharif     ,2004-2007,Horse-gram,1852.0,410.0
ANANTAPUR,Kharif     ,2004-2007,Jowar,26102.0,17385.0
ANANTAPUR,Kharif     ,2004-2007,Maize,14330.0,51750.0
ANANTAPUR,Kharif     ,2004-2007,Moong(Green Gram),3330.0,1390.0
ANANTAPUR,Kharif     ,2004-2007,Onion,3178.0,51272.0
ANANTAPUR,Kharif     ,2004-2007,Other Kharif pulses,3776.0,608.0
ANANTAPUR,Kharif     ,2004-2007,Ragi,7504.0,13950.0
ANANTAPUR,Kharif     ,2004-2007,Rice,71692.0,222450.0
ANANTAPUR,Kharif     ,2004-2007,Small millets,1965.0,810.0
ANANTAPUR,Kharif     ,2004-2007,Soyabean,1552.0,923.0
ANANTAPUR,Kharif     ,2004-2007,Sunflower,56819.0,34209.0
ANANTAPUR,Kharif     ,2004-2007,Urad,214.0,87.0
ANANTAPUR,Kharif     ,2007-2010,Arhar/Tur,91336.0,36069.0
ANANTAPUR,Kharif     ,2007-2010,Bajra,3465.0,7178.0
ANANTAPUR,Kharif     ,2007-2010,Castor seed,4218.0,2331.0
ANANTAPUR,Kharif     ,2007-2010,Cotton(lint),6674.0,4467.0
ANANTAPUR,Kharif     ,2007-2010,Dry chillies,5178.0,18537.0
ANANTAPUR,Kharif     ,2007-2010,Groundnut,2240451.0,1291040.0
ANANTAPUR,Kharif     ,2007-2010,Horse-gram,6143.0,4147.0
ANANTAPUR,Kharif     ,2007-2010,Jowar,47191.0,31085.0
ANANTAPUR,Kharif     ,2007-2010,Maize,21893.0,96820.0
ANANTAPUR,Kharif     ,2007-2010,Moong(Green Gram),2077.0,912.2226926333616
ANANTAPUR,Kharif     ,2007-2010,Onion,5039.0,91342.0
ANANTAPUR,Kharif     ,2007-2010,Other Kharif pulses,117.0,47.0
ANANTAPUR,Kharif     ,2007-2010,Ragi,5880.0,11458.0
ANANTAPUR,Kharif     ,2007-2010,Rice,92532.0,291127.0
ANANTAPUR,Kharif     ,2007-2010,Small millets,1157.0,151.0
ANANTAPUR,Kharif     ,2007-2010,Soyabean,206.0,268.0
ANANTAPUR,Kharif     ,2007-2010,Sunflower,19000.0,10000.0
ANANTAPUR,Kharif     ,2007-2010,Urad,30.0,9.0
ANANTAPUR,Kharif     ,2010-2013,Arecanut,558.0,302.0
ANANTAPUR,Kharif     ,2010-2013,Arhar/Tur,174327.0,23484.0
ANANTAPUR,Kharif     ,2010-2013,Bajra,6800.0,6228.0
ANANTAPUR,Kharif     ,2010-2013,Brinjal,451.0,8211.0
ANANTAPUR,Kharif     ,2010-2013,Castor seed,58685.0,14817.0
ANANTAPUR,Kharif     ,2010-2013,Coriander,2.0,1.0
ANANTAPUR,Kharif     ,2010-2013,Cotton(lint),51203.0,50557.0
ANANTAPUR,Kharif     ,2010-2013,Cowpea(Lobia),1432.0,186.0
ANANTAPUR,Kharif     ,2010-2013,Dry chillies,8805.0,23335.0
ANANTAPUR,Kharif     ,2010-2013,Grapes,238.0,7606.0
ANANTAPUR,Kharif     ,2010-2013,Groundnut,2256745.0,917141.0
ANANTAPUR,Kharif     ,2010-2013,Horse-gram,2715.0,1551.0
ANANTAPUR,Kharif     ,2010-2013,Jowar,17395.0,16534.0
ANANTAPUR,Kharif     ,2010-2013,Lemon,422.0,3752.0
ANANTAPUR,Kharif     ,2010-2013,Linseed,7.0,3.0
ANANTAPUR,Kharif     ,2010-2013,Maize,58212.0,178155.0
ANANTAPUR,Kharif     ,2010-2013,Mango,6276.0,57601.0
ANANTAPUR,Kharif     ,2010-2013,Mesta,47.0,403.0
ANANTAPUR,Kharif     ,2010-2013,Moong(Green Gram),2057.0,1021.0
ANANTAPUR,Kharif     ,2010-2013,Onion,5925.0,91880.0
ANANTAPUR,Kharif     ,2010-2013,Other Kharif pulses,4.0,1.1795800144822592
ANANTAPUR,Kharif     ,2010-2013,Papaya,447.0,17197.0
ANANTAPUR,Kharif     ,2010-2013,Pome Granet,1279.0,17671.0
ANANTAPUR,Kharif     ,2010-2013,Ragi,5039.0,8358.0
ANANTAPUR,Kharif     ,2010-2013,Rice,94749.0,255229.0
ANANTAPUR,Kharif     ,2010-2013,Sapota,2106.0,41876.0
ANANTAPUR,Kharif     ,2010-2013,Small millets,2806.0,2672.0
ANANTAPUR,Kharif     ,2010-2013,Soyabean,4257.0,7213.0
ANANTAPUR,Kharif     ,2010-2013,Sugarcane,76.0,6954.0
ANANTAPUR,Kharif     ,2010-2013,Sunflower,6121.0,5197.0
ANANTAPUR,Kharif     ,2010-2013,Tobacco,10.0,14.0
ANANTAPUR,Kharif     ,2010-2013,Tomato,2552.0,38561.0
ANANTAPUR,Kharif     ,2010-2013,Turmeric,65.0,728.0
ANANTAPUR,Kharif     ,2010-2013,Urad,77.0,52.0
ANANTAPUR,Kharif     ,2010-2013,other oilseeds,50.0,1007.0
ANANTAPUR,Kharif     ,2013-2016,Arecanut,453.0,186.0
ANANTAPUR,Kharif     ,2013-2016,Arhar/Tur,87494.0,14132.0
ANANTAPUR,Kharif     ,2013-2016,Bajra,3084.0,2255.0
ANANTAPUR,Kharif     ,2013-2016,Brinjal,727.0,16220.0
ANANTAPUR,Kharif     ,2013-2016,Cabbage,12.0,161.0
ANANTAPUR,Kharif     ,2013-2016,Cashewnut,28.0,10.0
ANANTAPUR,Kharif     ,2013-2016,Castor seed,21736.0,11269.0
ANANTAPUR,Kharif     ,2013-2016,Coriander,162.0,84.0
ANANTAPUR,Kharif     ,2013-2016,Cotton(lint),111395.0,181095.0
ANANTAPUR,Kharif     ,2013-2016,Cowpea(Lobia),1509.0,663.0
ANANTAPUR,Kharif     ,2013-2016,Dry chillies,5446.0,15813.0
ANANTAPUR,Kharif     ,2013-2016,Grapes,556.0,12530.0
ANANTAPUR,Kharif     ,2013-2016,Groundnut,1261939.0,435305.0
ANANTAPUR,Kharif     ,2013-2016,Horse-gram,6009.0,3011.0
ANANTAPUR,Kharif     ,2013-2016,Jowar,27675.0,13983.0
ANANTAPUR,Kharif     ,2013-2016,Lemon,807.0,5621.0
ANANTAPUR,Kharif     ,2013-2016,Linseed,7.0,3.0
ANANTAPUR,Kharif     ,2013-2016,Maize,43926.0,95913.0
ANANTAPUR,Kharif     ,2013-2016,Mango,19989.0,145592.0
ANANTAPUR,Kharif     ,2013-2016,Mesta,15.0,106.0
ANANTAPUR,Kharif     ,2013-2016,Moong(Green Gram),2909.0,3528.0
ANANTAPUR,Kharif     ,2013-2016,Onion,3383.0,66311.0
ANANTAPUR,Kharif     ,2013-2016,Other Kharif pulses,87.0,20.0
ANANTAPUR,Kharif     ,2013-2016,Papaya,604.0,51861.0
ANANTAPUR,Kharif     ,2013-2016,Pome Granet,3022.0,40138.0
ANANTAPUR,Kharif     ,2013-2016,Potato,15.0,281.0
ANANTAPUR,Kharif     ,2013-2016,Ragi,3191.0,4876.0
ANANTAPUR,Kharif     ,2013-2016,Rice,50772.0,127532.0
ANANTAPUR,Kharif     ,2013-2016,Sapota,4332.0,40037.0
ANANTAPUR,Kharif     ,2013-2016,Small millets,1626.0,1462.0
ANANTAPUR,Kharif     ,2013-2016,Soyabean,2445.0,3916.0
ANANTAPUR,Kharif     ,2013-2016,Sugarcane,311.0,28961.0
ANANTAPUR,Kharif     ,2013-2016,Sunflower,13175.0,7878.0
ANANTAPUR,Kharif     ,2013-2016,Tobacco,21.0,54.0
ANANTAPUR,Kharif     ,2013-2016,Tomato,6967.0,201856.0
ANANTAPUR,Kharif     ,2013-2016,Turmeric,65.0,790.0
ANANTAPUR,Kharif     ,2013-2016,Urad,236.0,294.0
ANANTAPUR,Kharif     ,2013-2016,other oilseeds,13896.0,9480.0
ANANTAPUR,Rabi       ,1995-1998,Dry chillies,100.0,100.0
ANANTAPUR,Rabi       ,1995-1998,Gram,28000.0,14800.0
ANANTAPUR,Rabi       ,1995-1998,Groundnut,20200.0,21700.0
ANANTAPUR,Rabi       ,1995-1998,Horse-gram,600.0,200.0
ANANTAPUR,Rabi       ,1995-1998,Jowar,18800.0,9400.0
ANANTAPUR,Rabi       ,1995-1998,Korra,100.0,100.0
ANANTAPUR,Rabi       ,1995-1998,Maize,600.0,2400.0
ANANTAPUR,Rabi       ,1995-1998,Ragi,600.0,1000.0
ANANTAPUR,Rabi       ,1995-1998,Rice,18000.0,37300.0
ANANTAPUR,Rabi       ,1995-1998,Sunflower,30100.0,11100.0
ANANTAPUR,Rabi       ,1995-1998,Wheat,300.0,200.0
ANANTAPUR,Rabi       ,1998-2001,Arhar/Tur,35.0,9.0
ANANTAPUR,Rabi       ,1998-2001,Bajra,416.0,239.0
ANANTAPUR,Rabi       ,1998-2001,Dry chillies,271.0,281.0
ANANTAPUR,Rabi       ,1998-2001,Gram,86893.0,57950.0
ANANTAPUR,Rabi       ,1998-2001,Groundnut,70733.0,84990.0
ANANTAPUR,Rabi       ,1998-2001,Horse-gram,2148.0,907.0
ANANTAPUR,Rabi       ,1998-2001,Jowar,51529.0,69656.0
ANANTAPUR,Rabi       ,1998-2001,Korra,96.0,67.0
ANANTAPUR,Rabi       ,1998-2001,Linseed,20.0,3.0
ANANTAPUR,Rabi       ,1998-2001,Maize,1154.0,5951.0
ANANTAPUR,Rabi       ,1998-2001,Masoor,98.0,10.0
ANANTAPUR,Rabi       ,1998-2001,Moong(Green Gram),1.0,1.0
ANANTAPUR,Rabi       ,1998-2001,Onion,482.0,11514.0
ANANTAPUR,Rabi       ,1998-2001,Ragi,2343.0,3692.0
ANANTAPUR,Rabi       ,1998-2001,Rice,68957.0,166805.0
ANANTAPUR,Rabi       ,1998-2001,Safflower,1584.0,274.0
ANANTAPUR,Rabi       ,1998-2001,Sesamum,10.0,2.0
ANANTAPUR,Rabi       ,1998-2001,Small millets,96.0,67.0
ANANTAPUR,Rabi       ,1998-2001,Sunflower,13500.0,3300.0
ANANTAPUR,Rabi       ,1998-2001,Urad,363.0,292.0
ANANTAPUR,Rabi       ,1998-2001,Wheat,1359.0,791.0
ANANTAPUR,Rabi       ,2001-2004,Arhar/Tur,5.0,1.0
ANANTAPUR,Rabi       ,2001-2004,Bajra,269.0,67.0
ANANTAPUR,Rabi       ,2001-2004,Dry chillies,282.0,519.0
ANANTAPUR,Rabi       ,2001-2004,Gram,153619.0,85769.0
ANANTAPUR,Rabi       ,2001-2004,Groundnut,51362.0,67662.0
ANANTAPUR,Rabi       ,2001-2004,Horse-gram,3836.0,1758.0
ANANTAPUR,Rabi       ,2001-2004,Jowar,49237.0,48387.0
ANANTAPUR,Rabi       ,2001-2004,Linseed,20.0,5.0
ANANTAPUR,Rabi       ,2001-2004,Maize,2947.0,18613.0
ANANTAPUR,Rabi       ,2001-2004,Moong(Green Gram),66.0,20.0
ANANTAPUR,Rabi       ,2001-2004,Onion,1316.0,26837.0
ANANTAPUR,Rabi       ,2001-2004,Other  Rabi pulses,18.0,4.0
ANANTAPUR,Rabi       ,2001-2004,Ragi,1575.0,2228.0
ANANTAPUR,Rabi       ,2001-2004,Rice,59905.0,154831.0
ANANTAPUR,Rabi       ,2001-2004,Safflower,6669.0,879.0
ANANTAPUR,Rabi       ,2001-2004,Sesamum,2.0,1.0
ANANTAPUR,Rabi       ,2001-2004,Small millets,80.0,15.0
ANANTAPUR,Rabi       ,2001-2004,Urad,535.0,322.0
ANANTAPUR,Rabi       ,2001-2004,Wheat,1083.0,669.0
ANANTAPUR,Rabi       ,2004-2007,Bajra,269.0,192.0
ANANTAPUR,Rabi       ,2004-2007,Dry chillies,223.0,1005.0
ANANTAPUR,Rabi       ,2004-2007,Gram,174744.0,88427.0
ANANTAPUR,Rabi       ,2004-2007,Groundnut,54610.0,70479.0
ANANTAPUR,Rabi       ,2004-2007,Horse-gram,2210.0,989.0
ANANTAPUR,Rabi       ,2004-2007,Jowar,49746.0,39679.0
ANANTAPUR,Rabi       ,2004-2007,Linseed,78.0,19.0
ANANTAPUR,Rabi       ,2004-2007,Maize,8127.0,60183.0
ANANTAPUR,Rabi       ,2004-2007,Moong(Green Gram),158.0,58.0
ANANTAPUR,Rabi       ,2004-2007,Onion,782.0,17968.0
ANANTAPUR,Rabi       ,2004-2007,Ragi,1255.0,2181.0
ANANTAPUR,Rabi       ,2004-2007,Rice,43228.0,109183.0
ANANTAPUR,Rabi       ,2004-2007,Safflower,420.0,71.0
ANANTAPUR,Rabi       ,2004-2007,Small millets,36.0,17.0
ANANTAPUR,Rabi       ,2004-2007,Sunflower,27228.0,9530.0
ANANTAPUR,Rabi       ,2004-2007,Urad,35.0,26.0
ANANTAPUR,Rabi       ,2004-2007,Wheat,880.0,313.0
ANANTAPUR,Rabi       ,2007-2010,Arhar/Tur,316.0,92.0
ANANTAPUR,Rabi       ,2007-2010,Bajra,71.0,118.0
ANANTAPUR,Rabi       ,2007-2010,Gram,240991.0,253627.0
ANANTAPUR,Rabi       ,2007-2010,Groundnut,57386.0,80948.0
ANANTAPUR,Rabi       ,2007-2010,Horse-gram,6140.0,4044.5898869839575
ANANTAPUR,Rabi       ,2007-2010,Jowar,42222.0,29234.0
ANANTAPUR,Rabi       ,2007-2010,Linseed,14.0,5.0
ANANTAPUR,Rabi       ,2007-2010,Maize,14273.0,114036.0
ANANTAPUR,Rabi       ,2007-2010,Moong(Green Gram),8.0,3.0
ANANTAPUR,Rabi       ,2007-2010,Onion,403.0,9794.0
ANANTAPUR,Rabi       ,2007-2010,Ragi,1458.0,3088.0
ANANTAPUR,Rabi       ,2007-2010,Rapeseed &Mustard,8.0,0.0
ANANTAPUR,Rabi       ,2007-2010,Rice,51844.0,133714.0
ANANTAPUR,Rabi       ,2007-2010,Safflower,159.0,64.0
ANANTAPUR,Rabi       ,2007-2010,Sunflower,26000.0,20000.0
ANANTAPUR,Rabi       ,2007-2010,Urad,17.0,13.0
ANANTAPUR,Rabi       ,2007-2010,Wheat,343.0,314.0
ANANTAPUR,Rabi       ,2010-2013,Arhar/Tur,17.0,1.0
ANANTAPUR,Rabi       ,2010-2013,Bajra,141.0,164.0
ANANTAPUR,Rabi       ,2010-2013,Brinjal,251.0,4570.0
ANANTAPUR,Rabi       ,2010-2013,Castor seed,232.0,88.0
ANANTAPUR,Rabi       ,2010-2013,Coriander,2606.0,1631.0
ANANTAPUR,Rabi       ,2010-2013,Cotton(lint),77.0,99.0
ANANTAPUR,Rabi       ,2010-2013,Cowpea(Lobia),96.0,86.0
ANANTAPUR,Rabi       ,2010-2013,Dry chillies,134.0,242.0
ANANTAPUR,Rabi       ,2010-2013,Gram,252399.0,188910.0
ANANTAPUR,Rabi       ,2010-2013,Groundnut,60856.0,101183.0
ANANTAPUR,Rabi       ,2010-2013,Horse-gram,4510.0,2759.0
ANANTAPUR,Rabi       ,2010-2013,Jowar,26976.0,15319.0
ANANTAPUR,Rabi       ,2010-2013,Maize,18028.0,141572.0
ANANTAPUR,Rabi       ,2010-2013,Moong(Green Gram),332.0,187.0
ANANTAPUR,Rabi       ,2010-2013,Onion,598.0,13687.0
ANANTAPUR,Rabi       ,2010-2013,Potato,36.0,634.0
ANANTAPUR,Rabi       ,2010-2013,Ragi,3074.0,5479.0
ANANTAPUR,Rabi       ,2010-2013,Rice,42774.0,112704.0
ANANTAPUR,Rabi       ,2010-2013,Safflower,149.0,127.0
ANANTAPUR,Rabi       ,2010-2013,Small millets,25.0,25.0
ANANTAPUR,Rabi       ,2010-2013,Sunflower,4459.0,1904.0
ANANTAPUR,Rabi       ,2010-2013,Sweet potato,7.0,67.0
ANANTAPUR,Rabi       ,2010-2013,Tobacco,115.0,178.0
ANANTAPUR,Rabi       ,2010-2013,Tomato,1395.0,31096.0
ANANTAPUR,Rabi       ,2010-2013,Urad,1158.0,768.0
ANANTAPUR,Rabi       ,2010-2013,Wheat,340.0,422.0
ANANTAPUR,Rabi       ,2013-2016,Bajra,64.0,44.0
ANANTAPUR,Rabi       ,2013-2016,Brinjal,824.0,18651.0
ANANTAPUR,Rabi       ,2013-2016,Cabbage,13.0,232.0
ANANTAPUR,Rabi       ,2013-2016,Castor seed,260.0,146.0
ANANTAPUR,Rabi       ,2013-2016,Coriander,10194.0,5485.0
ANANTAPUR,Rabi       ,2013-2016,Cotton(lint),946.0,1371.0
ANANTAPUR,Rabi       ,2013-2016,Cowpea(Lobia),266.0,289.0
ANANTAPUR,Rabi       ,2013-2016,Dry chillies,151.0,441.0
ANANTAPUR,Rabi       ,2013-2016,Gram,153860.0,107290.0
ANANTAPUR,Rabi       ,2013-2016,Groundnut,32260.0,51014.0
ANANTAPUR,Rabi       ,2013-2016,Horse-gram,10589.0,5116.0
ANANTAPUR,Rabi       ,2013-2016,Jowar,11868.0,4505.0
ANANTAPUR,Rabi       ,2013-2016,Maize,12251.0,89588.0
ANANTAPUR,Rabi       ,2013-2016,Moong(Green Gram),715.0,562.0
ANANTAPUR,Rabi       ,2013-2016,Onion,908.0,21084.0
ANANTAPUR,Rabi       ,2013-2016,Other  Rabi pulses,2.0,2.0
ANANTAPUR,Rabi       ,2013-2016,Other Kharif pulses,5.0,6.0
ANANTAPUR,Rabi       ,2013-2016,Potato,77.0,1442.0
ANANTAPUR,Rabi       ,2013-2016,Ragi,1556.0,2584.0
ANANTAPUR,Rabi       ,2013-2016,Rice,18836.0,42935.0
ANANTAPUR,Rabi       ,2013-2016,Safflower,368.0,128.0
ANANTAPUR,Rabi       ,2013-2016,Small millets,58.0,51.0
ANANTAPUR,Rabi       ,2013-2016,Sunflower,9297.0,4521.0
ANANTAPUR,Rabi       ,2013-2016,Sweet potato,5.0,53.0
ANANTAPUR,Rabi       ,2013-2016,Tobacco,524.0,944.0
ANANTAPUR,Rabi       ,2013-2016,Tomato,7673.0,167587.0
ANANTAPUR,Rabi       ,2013-2016,Urad,46.0,64.0
ANANTAPUR,Rabi       ,2013-2016,Wheat,62.0,39.0
ANANTAPUR,Whole Year ,1998-2001,Arecanut,252.0,696.0
ANANTAPUR,Whole Year ,1998-2001,Banana,769.0,11693.0
ANANTAPUR,Whole Year ,1998-2001,Coconut ,908.0,3896970.0
ANANTAPUR,Whole Year ,1998-2001,Coriander,8953.0,2266.0
ANANTAPUR,Whole Year ,1998-2001,Dry chillies,5199.0,5759.0
ANANTAPUR,Whole Year ,1998-2001,Onion,1770.0,32364.0
ANANTAPUR,Whole Year ,1998-2001,Potato,4.0,34.0
ANANTAPUR,Whole Year ,1998-2001,Sugarcane,1868.0,174421.0
ANANTAPUR,Whole Year ,1998-2001,Sweet potato,28.0,379.0
ANANTAPUR,Whole Year ,1998-2001,Tobacco,189.0,214.0
ANANTAPUR,Whole Year ,1998-2001,Turmeric,39.0,272.0
ANANTAPUR,Whole Year ,2001-2004,Arecanut,786.0,998.0
ANANTAPUR,Whole Year ,2001-2004,Banana,1637.0,2770.0
ANANTAPUR,Whole Year ,2001-2004,Beans & Mutter(Vegetable),1.0,5.0
ANANTAPUR,Whole Year ,2001-2004,Bhindi,227.0,1811.0
ANANTAPUR,Whole Year ,2001-2004,Brinjal,2155.0,29576.0
ANANTAPUR,Whole Year ,2001-2004,Citrus Fruit,1494.0,15959.0
ANANTAPUR,Whole Year ,2001-2004,Coconut ,2559.0,10030677.0
ANANTAPUR,Whole Year ,2001-2004,Coriander,14301.0,2210.0
ANANTAPUR,Whole Year ,2001-2004,Cucumber,51.0,0.0
ANANTAPUR,Whole Year ,2001-2004,Grapes,229.0,4123.0
ANANTAPUR,Whole Year ,2001-2004,Mango,7903.0,84513.0
ANANTAPUR,Whole Year ,2001-2004,Orange,13767.0,112541.0
ANANTAPUR,Whole Year ,2001-2004,Other Fresh Fruits,3241.0,3586.0
ANANTAPUR,Whole Year ,2001-2004,Other Vegetables,3550.0,0.0
ANANTAPUR,Whole Year ,2001-2004,Papaya,2925.0,261447.0
ANANTAPUR,Whole Year ,2001-2004,Pome Fruit,1466.0,83767.0
ANANTAPUR,Whole Year ,2001-2004,Potato,2.0,17.0
ANANTAPUR,Whole Year ,2001-2004,Sugarcane,1273.0,97337.0
ANANTAPUR,Whole Year ,2001-2004,Sweet potato,81.0,951.0
ANANTAPUR,Whole Year ,2001-2004,Tobacco,182.0,226.0
ANANTAPUR,Whole Year ,2001-2004,Tomato,6183.0,34136.0
ANANTAPUR,Whole Year ,2001-2004,Turmeric,8.0,40.0
ANANTAPUR,Whole Year ,2001-2004,other fibres,132.0,0.0
ANANTAPUR,Whole Year ,2004-2007,Arecanut,485.0,364.0
ANANTAPUR,Whole Year ,2004-2007,Banana,916.0,47269.0
ANANTAPUR,Whole Year ,2004-2007,Coconut ,2463.0,16176418.0
ANANTAPUR,Whole Year ,2004-2007,Coriander,6790.0,1575.0
ANANTAPUR,Whole Year ,2004-2007,Potato,2.0,20.0
ANANTAPUR,Whole Year ,2004-2007,Sugarcane,966.0,85621.0
ANANTAPUR,Whole Year ,2004-2007,Sunflower,109428.0,31962.0
ANANTAPUR,Whole Year ,2004-2007,Sweet potato,81.0,326.0
ANANTAPUR,Whole Year ,2004-2007,Tobacco,50.0,54.0
ANANTAPUR,Whole Year ,2004-2007,Turmeric,7.0,59.0
ANANTAPUR,Whole Year ,2007-2010,Arecanut,325.0,232.0
ANANTAPUR,Whole Year ,2007-2010,Banana,8613.0,426920.0
ANANTAPUR,Whole Year ,2007-2010,Coconut ,1511.0,11389149.0
ANANTAPUR,Whole Year ,2007-2010,Coriander,8236.0,3085.0
ANANTAPUR,Whole Year ,2007-2010,Sugarcane,243.0,22273.0
ANANTAPUR,Whole Year ,2007-2010,Sunflower,97554.0,59808.0
ANANTAPUR,Whole Year ,2007-2010,Sweet potato,13.0,77.0
ANANTAPUR,Whole Year ,2007-2010,Tobacco,799.0,1337.0
ANANTAPUR,Whole Year ,2007-2010,Turmeric,4.0,40.0
ANANTAPUR,Whole Year ,2010-2013,Arecanut,950.0,449.0
ANANTAPUR,Whole Year ,2010-2013,Banana,12416.0,729001.0
ANANTAPUR,Whole Year ,2010-2013,Coconut ,1541.0,12736320.0
ANANTAPUR,Whole Year ,2010-2013,Coriander,7722.0,4931.0
ANANTAPUR,Whole Year ,2010-2013,Potato,39.0,417.0
ANANTAPUR,Whole Year ,2010-2013,Sugarcane,645.0,60167.0
ANANTAPUR,Whole Year ,2010-2013,Sunflower,30892.0,26166.0
ANANTAPUR,Whole Year ,2010-2013,Sweet potato,6.0,77.0
ANANTAPUR,Whole Year ,2010-2013,Tobacco,314.0,508.0
ANANTAPUR,Whole Year ,2010-2013,Turmeric,334.0,2747.0
ANANTAPUR,Whole Year ,2013-2016,Banana,8661.0,483881.0
ANANTAPUR,Whole Year ,2013-2016,Cashewnut,9.0,3.0
ANANTAPUR,Whole Year ,2013-2016,Castor seed,11447.0,5381.0
ANANTAPUR,Whole Year ,2013-2016,Coconut ,1239.0,9725000.0
ANANTAPUR,Whole Year ,2013-2016,Coriander,1971.0,1234.0
ANANTAPUR,Whole Year ,2013-2016,Linseed,7.0,3.0
ANANTAPUR,Whole Year ,2013-2016,Potato,82.0,1179.0
ANANTAPUR,Whole Year ,2013-2016,Rice,29211.0,82532.0
ANANTAPUR,Whole Year ,2013-2016,Safflower,58.0,41.0
ANANTAPUR,Whole Year ,2013-2016,Sweet potato,1.0,9.0
ANANTAPUR,Whole Year ,2013-2016,Wheat,62.0,39.0
CHITTOOR,Kharif     ,1995-1998,Arhar/Tur,6100.0,900.0
CHITTOOR,Kharif     ,1995-1998,Bajra,1700.0,1900.0
CHITTOOR,Kharif     ,1995-1998,Dry chillies,600.0,800.0
CHITTOOR,Kharif     ,1995-1998,Groundnut,234900.0,144200.0
CHITTOOR,Kharif     ,1995-1998,Horse-gram,3100.0,2000.0
CHITTOOR,Kharif     ,1995-1998,Jowar,2400.0,1500.0
CHITTOOR,Kharif     ,1995-1998,Maize,100.0,300.0
CHITTOOR,Kharif     ,1995-1998,Moong(Green Gram),200.0,100.0
CHITTOOR,Kharif     ,1995-1998,Other Kharif pulses,2200.0,300.0
NICOBARS,Autumn     ,2010-2013,Rice,3.5,10.0
NICOBARS,Autumn     ,2010-2013,Sugarcane,13.4,41.75
NICOBARS,Kharif     ,1998-2001,Arecanut,1254.0,2000.0
NICOBARS,Kharif     ,1998-2001,Other Kharif pulses,2.0,1.0
NICOBARS,Kharif     ,1998-2001,Rice,102.0,321.0
NICOBARS,Kharif     ,2001-2004,Arecanut,1254.0,2061.0
NICOBARS,Kharif     ,2001-2004,Other Kharif pulses,2.0,1.0
NICOBARS,Kharif     ,2001-2004,Rice,324.2,901.0099999999999
NICOBARS,Kharif     ,2004-2007,Rice,55.03,84.63
NICOBARS,Rabi       ,2010-2013,Arecanut,944.0,1610.0
NICOBARS,Rabi       ,2010-2013,Black pepper,23.0,8.5
NICOBARS,Rabi       ,2010-2013,Cashewnut,1000.5,260.5
NICOBARS,Rabi       ,2010-2013,Dry chillies,12.0,25.0
NICOBARS,Rabi       ,2010-2013,Dry ginger,7.0,9.64
NICOBARS,Rabi       ,2010-2013,Maize,3.84,18.22
NICOBARS,Rabi       ,2010-2013,Moong(Green Gram),1.5,1.1
NICOBARS,Rabi       ,2010-2013,Sweet potato,22.0,208.0
NICOBARS,Rabi       ,2010-2013,Turmeric,2.0,0.5
NICOBARS,Rabi       ,2010-2013,Urad,1.5,1.16
NICOBARS,Whole Year ,1998-2001,Banana,176.0,641.0
NICOBARS,Whole Year ,1998-2001,Cashewnut,720.0,165.0
NICOBARS,Whole Year ,1998-2001,Coconut ,18168.0,65100000.0
NICOBARS,Whole Year ,1998-2001,Dry ginger,36.0,100.0
NICOBARS,Whole Year ,1998-2001,Sugarcane,1.0,2.0
NICOBARS,Whole Year ,1998-2001,Sweet potato,5.0,15.0
NICOBARS,Whole Year ,1998-2001,Tapioca,40.0,169.0
NICOBARS,Whole Year ,2001-2004,Arecanut,2519.0,3608.0
NICOBARS,Whole Year ,2001-2004,Banana,479.0,3041.0
NICOBARS,Whole Year ,2001-2004,Black pepper,138.5,29.36
NICOBARS,Whole Year ,2001-2004,Cashewnut,2155.0,608.5
NICOBARS,Whole Year ,2001-2004,Coconut ,54714.740000000005,200500000.0
NICOBARS,Whole Year ,2001-2004,Dry chillies,473.0,130.8
NICOBARS,Whole Year ,2001-2004,Dry ginger,195.3,559.4
NICOBARS,Whole Year ,2001-2004,Sugarcane,6.0,41.0
NICOBARS,Whole Year ,2001-2004,Sweet potato,11.0,33.0
NICOBARS,Whole Year ,2001-2004,other oilseeds,4.2,0.3
NICOBARS,Whole Year ,2004-2007,Arecanut,2956.37,2352.0735961600026
NICOBARS,Whole Year ,2004-2007,Banana,286.42,1962.12
NICOBARS,Whole Year ,2004-2007,Black pepper,148.16,16.64
NICOBARS,Whole Year ,2004-2007,Cashewnut,1583.5,338.83
NICOBARS,Whole Year ,2004-2007,Coconut ,46629.270000000004,163780000.0
NICOBARS,Whole Year ,2004-2007,Dry chillies,80.0,197.34845598599367
NICOBARS,Whole Year ,2004-2007,Dry ginger,124.0,387.0
NICOBARS,Whole Year ,2004-2007,Sugarcane,0.2,0.5
NICOBARS,Whole Year ,2004-2007,Sweet potato,18.0,86.0
NICOBARS,Whole Year ,2004-2007,Tapioca,52.03,450.0
NICOBARS,Whole Year ,2004-2007,Turmeric,12.5,71.03
NICOBARS,Whole Year ,2004-2007,other oilseeds,1.0,0.11
NICOBARS,Whole Year ,2010-2013,Banana,593.0,3425.0
NICOBARS,Whole Year ,2010-2013,Coconut ,14560.0,71300000.0
NICOBARS,Whole Year ,2010-2013,Tapioca,69.0,575.0
NORTH AND MIDDLE ANDAMAN,Autumn     ,2010-2013,Rice,6791.0,20118.0
NORTH AND MIDDLE ANDAMAN,Autumn     ,2010-2013,Sugarcane,73.33,889.2
NORTH AND MIDDLE ANDAMAN,Kharif     ,1998-2001,Arecanut,3100.0,5200.0
NORTH AND MIDDLE ANDAMAN,Kharif     ,1998-2001,Other Kharif pulses,668.0,448.0
NORTH AND MIDDLE ANDAMAN,Kharif     ,1998-2001,Rice,10779.0,31863.0
NORTH AND MIDDLE ANDAMAN,Kharif     ,2001-2004,Arecanut,3100.0,5239.0
NORTH AND MIDDLE ANDAMAN,Kharif     ,2001-2004,Other Kharif pulses,418.0,199.0
NORTH AND MIDDLE ANDAMAN,Kharif     ,2001-2004,Rice,9718.0,27033.0
NORTH AND MIDDLE ANDAMAN,Kharif     ,2004-2007,Rice,6854.3,18995.62
NORTH AND MIDDLE ANDAMAN,Rabi       ,2010-2013,Arecanut,1296.0,2290.0
NORTH AND MIDDLE ANDAMAN,Rabi       ,2010-2013,Arhar/Tur,294.5,90.8
NORTH AND MIDDLE ANDAMAN,Rabi       ,2010-2013,Black pepper,168.0,13.5
NORTH AND MIDDLE ANDAMAN,Rabi       ,2010-2013,Cashewnut,84.5,39.0
NORTH AND MIDDLE ANDAMAN,Rabi       ,2010-2013,Dry chillies,254.0,402.0
NORTH AND MIDDLE ANDAMAN,Rabi       ,2010-2013,Dry ginger,110.0,1011.84
NORTH AND MIDDLE ANDAMAN,Rabi       ,2010-2013,Groundnut,4.75,6.8
NORTH AND MIDDLE ANDAMAN,Rabi       ,2010-2013,Maize,86.7,96.4
NORTH AND MIDDLE ANDAMAN,Rabi       ,2010-2013,Moong(Green Gram),1168.6,556.55
NORTH AND MIDDLE ANDAMAN,Rabi       ,2010-2013,Sunflower,2.9,1.9
NORTH AND MIDDLE ANDAMAN,Rabi       ,2010-2013,Sweet potato,109.0,480.0
NORTH AND MIDDLE ANDAMAN,Rabi       ,2010-2013,Turmeric,68.0,376.5
NORTH AND MIDDLE ANDAMAN,Rabi       ,2010-2013,Urad,1059.5,458.79
NORTH AND MIDDLE ANDAMAN,Whole Year ,1998-2001,Banana,1531.0,12073.0
NORTH AND MIDDLE ANDAMAN,Whole Year ,1998-2001,Cashewnut,80.0,54.0
NORTH AND MIDDLE ANDAMAN,Whole Year ,1998-2001,Coconut ,6992.0,23900000.0
NORTH AND MIDDLE ANDAMAN,Whole Year ,1998-2001,Dry ginger,352.0,1120.0
NORTH AND MIDDLE ANDAMAN,Whole Year ,1998-2001,Sugarcane,141.0,3736.0
NORTH AND MIDDLE ANDAMAN,Whole Year ,1998-2001,Sweet potato,78.0,843.0
NORTH AND MIDDLE ANDAMAN,Whole Year ,1998-2001,Tapioca,160.0,2108.0
NORTH AND MIDDLE ANDAMAN,Whole Year ,1998-2001,other oilseeds,133.0,55.0
NORTH AND MIDDLE ANDAMAN,Whole Year ,2001-2004,Cashewnut,81.0,33.0
NORTH AND MIDDLE ANDAMAN,Whole Year ,2001-2004,Coconut ,7015.0,25250000.0
NORTH AND MIDDLE ANDAMAN,Whole Year ,2001-2004,Dry ginger,344.0,1124.0
NORTH AND MIDDLE ANDAMAN,Whole Year ,2001-2004,Sugarcane,81.0,2379.0
NORTH AND MIDDLE ANDAMAN,Whole Year ,2001-2004,Sweet potato,100.0,5.0
NORTH AND MIDDLE ANDAMAN,Whole Year ,2004-2007,Arecanut,1160.0,3011.7
NORTH AND MIDDLE ANDAMAN,Whole Year ,2004-2007,Banana,957.57,8582.0
NORTH AND MIDDLE ANDAMAN,Whole Year ,2004-2007,Black pepper,175.0,191.14
NORTH AND MIDDLE ANDAMAN,Whole Year ,2004-2007,Cashewnut,40.5,44.0
NORTH AND MIDDLE ANDAMAN,Whole Year ,2004-2007,Coconut ,3575.0,15400000.0
NORTH AND MIDDLE ANDAMAN,Whole Year ,2004-2007,Dry chillies,235.72,824.3
NORTH AND MIDDLE ANDAMAN,Whole Year ,2004-2007,Dry ginger,98.66,929.0
NORTH AND MIDDLE ANDAMAN,Whole Year ,2004-2007,Sugarcane,71.3,1500.0
NORTH AND MIDDLE ANDAMAN,Whole Year ,2004-2007,Sweet potato,30.0,240.0
NORTH AND MIDDLE ANDAMAN,Whole Year ,2004-2007,Tapioca,255.0,1420.0
NORTH AND MIDDLE ANDAMAN,Whole Year ,2004-2007,Turmeric,68.0,408.0
NORTH AND MIDDLE ANDAMAN,Whole Year ,2004-2007,other oilseeds,35.62,21.4
NORTH AND MIDDLE ANDAMAN,Whole Year ,2010-2013,Banana,657.0,7968.0
NORTH AND MIDDLE ANDAMAN,Whole Year ,2010-2013,Coconut ,3668.0,12700000.0
NORTH AND MIDDLE ANDAMAN,Whole Year ,2010-2013,Tapioca,186.5,1355.0
SOUTH ANDAMANS,Autumn     ,2010-2013,Rice,1595.5,3788.0
SOUTH ANDAMANS,Autumn     ,2010-2013,Sugarcane,67.5,402.0
SOUTH ANDAMANS,Kharif     ,2001-2004,Rice,21205.17,62361.520000000004
SOUTH ANDAMANS,Kharif     ,2004-2007,Rice,20287.23,57530.28
SOUTH ANDAMANS,Rabi       ,2010-2013,Arecanut,1912.0,1900.0
SOUTH ANDAMANS,Rabi       ,2010-2013,Arhar/Tur,20.5,13.2
SOUTH ANDAMANS,Rabi       ,2010-2013,Black pepper,409.0,98.0
SOUTH ANDAMANS,Rabi       ,2010-2013,Cashewnut,15.0,10.5
SOUTH ANDAMANS,Rabi       ,2010-2013,Dry chillies,128.0,148.0
SOUTH ANDAMANS,Rabi       ,2010-2013,Dry ginger,94.0,828.52
SOUTH ANDAMANS,Rabi       ,2010-2013,Groundnut,15.5,7.6
SOUTH ANDAMANS,Rabi       ,2010-2013,Maize,73.0,253.0
SOUTH ANDAMANS,Rabi       ,2010-2013,Moong(Green Gram),29.9,17.85
SOUTH ANDAMANS,Rabi       ,2010-2013,Sunflower,1.0,0.5
SOUTH ANDAMANS,Rabi       ,2010-2013,Sweet potato,32.0,235.0
SOUTH ANDAMANS,Rabi       ,2010-2013,Turmeric,10.0,105.0
SOUTH ANDAMANS,Rabi       ,2010-2013,Urad,34.0,15.05
SOUTH ANDAMANS,Whole Year ,2001-2004,Arecanut,6223.0,10449.0
SOUTH ANDAMANS,Whole Year ,2001-2004,Banana,3054.0,22440.0
SOUTH ANDAMANS,Whole Year ,2001-2004,Black pepper,984.0,206.87
SOUTH ANDAMANS,Whole Year ,2001-2004,Cashewnut,197.5,50.14
SOUTH ANDAMANS,Whole Year ,2001-2004,Coconut ,14170.0,53490000.0
SOUTH ANDAMANS,Whole Year ,2001-2004,Dry chillies,579.0,598.9
SOUTH ANDAMANS,Whole Year ,2001-2004,Dry ginger,758.0,2444.2
SOUTH ANDAMANS,Whole Year ,2001-2004,Sugarcane,723.0,16639.52
SOUTH ANDAMANS,Whole Year ,2001-2004,other oilseeds,167.19,75.82
SOUTH ANDAMANS,Whole Year ,2004-2007,Arecanut,8411.45,9383.66
SOUTH ANDAMANS,Whole Year ,2004-2007,Banana,4051.8999999999996,31775.53
SOUTH ANDAMANS,Whole Year ,2004-2007,Black pepper,1639.5500000000002,160.49
SOUTH ANDAMANS,Whole Year ,2004-2007,Cashewnut,314.5,81.32
SOUTH ANDAMANS,Whole Year ,2004-2007,Coconut ,17690.239999999998,75370000.0
SOUTH ANDAMANS,Whole Year ,2004-2007,Dry chillies,835.3000000000001,1735.1000000000001
SOUTH ANDAMANS,Whole Year ,2004-2007,Dry ginger,710.9,4162.0
SOUTH ANDAMANS,Whole Year ,2004-2007,Sugarcane,326.78,5007.7
SOUTH ANDAMANS,Whole Year ,2004-2007,Sweet potato,162.3,920.35
SOUTH ANDAMANS,Whole Year ,2004-2007,Tapioca,294.5,1640.0
SOUTH ANDAMANS,Whole Year ,2004-2007,Turmeric,91.7,632.0
SOUTH ANDAMANS,Whole Year ,2004-2007,other oilseeds,166.85,95.68
SOUTH ANDAMANS,Whole Year ,2010-2013,Banana,360.0,5517.0
SOUTH ANDAMANS,Whole Year ,2010-2013,Coconut ,3540.0,11000000.0
SOUTH ANDAMANS,Whole Year ,2010-2013,Tapioca,22.5,220.0
